{"v":"5.5.5","fr":24,"ip":0,"op":96,"w":2000,"h":2000,"nm":"Heart","ddd":0,"assets":[],"layers":[{"ddd":0,"ind":1,"ty":4,"nm":"Heart Outlines 3","td":1,"sr":1,"ks":{"o":{"a":0,"k":100,"ix":11},"r":{"a":0,"k":0,"ix":10},"p":{"a":0,"k":[1000,978.199,0],"ix":2},"a":{"a":0,"k":[1000,1000,0],"ix":1},"s":{"a":0,"k":[100,100,100],"ix":6}},"ao":0,"shapes":[{"ty":"gr","it":[{"ind":0,"ty":"sh","ix":1,"ks":{"a":0,"k":{"i":[[97.578,-87.271],[0,0],[0,0],[-79.321,154.841],[-49.139,24.832],[-76.934,-24.082],[-20.032,-19.425],[-11.915,-31.094],[-51.483,50.507],[-71.348,22.334],[-84.236,-37.971],[-27.965,-61.141]],"o":[[0,0],[0,0],[-101.154,-90.469],[25.103,-49.002],[89.764,-45.361],[70.451,22.052],[51.863,50.295],[11.214,-30.64],[18.909,-18.551],[72.255,-22.618],[61.294,27.63],[68.27,149.265]],"v":[[529.803,17.375],[1.547,545.63],[-526.709,17.375],[-591.27,-382.402],[-476.879,-495.819],[-220.634,-521.548],[-86.538,-438.259],[2.547,-302.971],[89.633,-438.259],[223.727,-521.548],[463.6,-503.646],[602.321,-365.986]],"c":true},"ix":2},"nm":"Path 1","mn":"ADBE Vector Shape - Group","hd":false},{"ty":"fl","c":{"a":0,"k":[0.623529411765,0.132041512284,0.301893944834,1],"ix":4},"o":{"a":0,"k":100,"ix":5},"r":1,"bm":0,"nm":"Fill 1","mn":"ADBE Vector Graphic - Fill","hd":false},{"ty":"tr","p":{"a":0,"k":[998.453,1016.971],"ix":2},"a":{"a":0,"k":[0,0],"ix":1},"s":{"a":0,"k":[100,100],"ix":3},"r":{"a":0,"k":0,"ix":6},"o":{"a":0,"k":100,"ix":7},"sk":{"a":0,"k":0,"ix":4},"sa":{"a":0,"k":0,"ix":5},"nm":"Transform"}],"nm":"Group 1","np":2,"cix":2,"bm":0,"ix":1,"mn":"ADBE Vector Group","hd":false}],"ip":5,"op":96,"st":5,"bm":0},{"ddd":0,"ind":2,"ty":4,"nm":"Shape Layer 3","tt":1,"sr":1,"ks":{"o":{"a":0,"k":100,"ix":11},"r":{"a":0,"k":0,"ix":10},"p":{"a":1,"k":[{"i":{"x":0.667,"y":1},"o":{"x":0.333,"y":0},"t":5,"s":[1064,2006,0],"to":[108.428,-268.877,0],"ti":[66.973,131.401,0]},{"i":{"x":0.667,"y":1},"o":{"x":0.333,"y":0},"t":29,"s":[1047.766,1433.932,0],"to":[-75.503,-148.137,0],"ti":[-168.873,256.489,0]},{"t":53,"s":[1064,902,0]}],"ix":2},"a":{"a":0,"k":[0,0,0],"ix":1},"s":{"a":0,"k":[99.506,129.779,100],"ix":6}},"ao":0,"ef":[{"ty":5,"nm":"Wave Warp","np":10,"mn":"ADBE Wave Warp","ix":1,"en":1,"ef":[{"ty":7,"nm":"Wave Type","mn":"ADBE Wave Warp-0001","ix":1,"v":{"a":0,"k":1,"ix":1}},{"ty":0,"nm":"Wave Height","mn":"ADBE Wave Warp-0002","ix":2,"v":{"a":0,"k":16.814,"ix":2}},{"ty":0,"nm":"Wave Width","mn":"ADBE Wave Warp-0003","ix":3,"v":{"a":0,"k":250,"ix":3}},{"ty":0,"nm":"Direction","mn":"ADBE Wave Warp-0004","ix":4,"v":{"a":0,"k":90,"ix":4}},{"ty":7,"nm":"Wave Speed","mn":"ADBE Wave Warp-0005","ix":5,"v":{"a":0,"k":0.973,"ix":5}},{"ty":7,"nm":"Pinning","mn":"ADBE Wave Warp-0006","ix":6,"v":{"a":0,"k":1,"ix":6}},{"ty":0,"nm":"Phase","mn":"ADBE Wave Warp-0007","ix":7,"v":{"a":0,"k":61,"ix":7}},{"ty":7,"nm":"Antialiasing (Best Quality)","mn":"ADBE Wave Warp-0008","ix":8,"v":{"a":0,"k":1,"ix":8}}]}],"shapes":[{"ty":"gr","it":[{"ind":0,"ty":"sh","ix":1,"ks":{"a":0,"k":{"i":[[0,0],[635.362,77.601],[199.445,38.081],[0,0],[0,0],[0,0]],"o":[[0,0],[-635.362,-77.601],[-410.025,-78.289],[0,0],[0,0],[0,0]],"v":[[1214,-364],[426.329,-333.867],[-602.981,-364],[-1426,-364],[-1444,1088],[1214,1088]],"c":true},"ix":2},"nm":"Path 1","mn":"ADBE Vector Shape - Group","hd":false},{"ty":"fl","c":{"a":0,"k":[0.839215695858,0.203921571374,0.278431385756,1],"ix":4},"o":{"a":0,"k":100,"ix":5},"r":1,"bm":0,"nm":"Fill 1","mn":"ADBE Vector Graphic - Fill","hd":false},{"ty":"tr","p":{"a":0,"k":[0,0],"ix":2},"a":{"a":0,"k":[0,0],"ix":1},"s":{"a":0,"k":[100,100],"ix":3},"r":{"a":0,"k":0,"ix":6},"o":{"a":0,"k":100,"ix":7},"sk":{"a":0,"k":0,"ix":4},"sa":{"a":0,"k":0,"ix":5},"nm":"Transform"}],"nm":"Shape 1","np":3,"cix":2,"bm":0,"ix":1,"mn":"ADBE Vector Group","hd":false}],"ip":5,"op":96,"st":5,"bm":0},{"ddd":0,"ind":3,"ty":4,"nm":"Heart Outlines","td":1,"sr":1,"ks":{"o":{"a":0,"k":100,"ix":11},"r":{"a":0,"k":0,"ix":10},"p":{"a":0,"k":[1000,978.199,0],"ix":2},"a":{"a":0,"k":[1000,1000,0],"ix":1},"s":{"a":0,"k":[100,100,100],"ix":6}},"ao":0,"shapes":[{"ty":"gr","it":[{"ind":0,"ty":"sh","ix":1,"ks":{"a":0,"k":{"i":[[97.578,-87.271],[0,0],[0,0],[-79.321,154.841],[-49.139,24.832],[-76.934,-24.082],[-20.032,-19.425],[-11.915,-31.094],[-51.483,50.507],[-71.348,22.334],[-84.236,-37.971],[-27.965,-61.141]],"o":[[0,0],[0,0],[-101.154,-90.469],[25.103,-49.002],[89.764,-45.361],[70.451,22.052],[51.863,50.295],[11.214,-30.64],[18.909,-18.551],[72.255,-22.618],[61.294,27.63],[68.27,149.265]],"v":[[529.803,17.375],[1.547,545.63],[-526.709,17.375],[-591.27,-382.402],[-476.879,-495.819],[-220.634,-521.548],[-86.538,-438.259],[2.547,-302.971],[89.633,-438.259],[223.727,-521.548],[463.6,-503.646],[602.321,-365.986]],"c":true},"ix":2},"nm":"Path 1","mn":"ADBE Vector Shape - Group","hd":false},{"ty":"fl","c":{"a":0,"k":[0.623529411765,0.132041512284,0.301893944834,1],"ix":4},"o":{"a":0,"k":100,"ix":5},"r":1,"bm":0,"nm":"Fill 1","mn":"ADBE Vector Graphic - Fill","hd":false},{"ty":"tr","p":{"a":0,"k":[998.453,1016.971],"ix":2},"a":{"a":0,"k":[0,0],"ix":1},"s":{"a":0,"k":[100,100],"ix":3},"r":{"a":0,"k":0,"ix":6},"o":{"a":0,"k":100,"ix":7},"sk":{"a":0,"k":0,"ix":4},"sa":{"a":0,"k":0,"ix":5},"nm":"Transform"}],"nm":"Group 1","np":2,"cix":2,"bm":0,"ix":1,"mn":"ADBE Vector Group","hd":false}],"ip":0,"op":96,"st":0,"bm":0},{"ddd":0,"ind":4,"ty":4,"nm":"Shape Layer 2","tt":1,"sr":1,"ks":{"o":{"a":0,"k":100,"ix":11},"r":{"a":0,"k":0,"ix":10},"p":{"a":1,"k":[{"i":{"x":0.667,"y":1},"o":{"x":0.333,"y":0},"t":0,"s":[1064,2006,0],"to":[108.428,-268.877,0],"ti":[66.973,131.401,0]},{"i":{"x":0.667,"y":1},"o":{"x":0.333,"y":0},"t":24,"s":[1047.766,1433.932,0],"to":[-75.503,-148.137,0],"ti":[-168.873,256.489,0]},{"t":48,"s":[1064,902,0]}],"ix":2},"a":{"a":0,"k":[0,0,0],"ix":1},"s":{"a":0,"k":[99.506,129.779,100],"ix":6}},"ao":0,"ef":[{"ty":5,"nm":"Wave Warp","np":10,"mn":"ADBE Wave Warp","ix":1,"en":1,"ef":[{"ty":7,"nm":"Wave Type","mn":"ADBE Wave Warp-0001","ix":1,"v":{"a":0,"k":1,"ix":1}},{"ty":0,"nm":"Wave Height","mn":"ADBE Wave Warp-0002","ix":2,"v":{"a":0,"k":16.814,"ix":2}},{"ty":0,"nm":"Wave Width","mn":"ADBE Wave Warp-0003","ix":3,"v":{"a":0,"k":250,"ix":3}},{"ty":0,"nm":"Direction","mn":"ADBE Wave Warp-0004","ix":4,"v":{"a":0,"k":90,"ix":4}},{"ty":7,"nm":"Wave Speed","mn":"ADBE Wave Warp-0005","ix":5,"v":{"a":0,"k":0.973,"ix":5}},{"ty":7,"nm":"Pinning","mn":"ADBE Wave Warp-0006","ix":6,"v":{"a":0,"k":1,"ix":6}},{"ty":0,"nm":"Phase","mn":"ADBE Wave Warp-0007","ix":7,"v":{"a":0,"k":61,"ix":7}},{"ty":7,"nm":"Antialiasing (Best Quality)","mn":"ADBE Wave Warp-0008","ix":8,"v":{"a":0,"k":1,"ix":8}}]}],"shapes":[{"ty":"gr","it":[{"ind":0,"ty":"sh","ix":1,"ks":{"a":0,"k":{"i":[[0,0],[635.362,77.601],[199.445,38.081],[0,0],[0,0],[0,0]],"o":[[0,0],[-635.362,-77.601],[-410.025,-78.289],[0,0],[0,0],[0,0]],"v":[[1214,-364],[426.329,-333.867],[-602.981,-364],[-1426,-364],[-1444,1088],[1214,1088]],"c":true},"ix":2},"nm":"Path 1","mn":"ADBE Vector Shape - Group","hd":false},{"ty":"fl","c":{"a":0,"k":[0.960784316063,0.482352942228,0.317647069693,1],"ix":4},"o":{"a":0,"k":100,"ix":5},"r":1,"bm":0,"nm":"Fill 1","mn":"ADBE Vector Graphic - Fill","hd":false},{"ty":"tr","p":{"a":0,"k":[0,0],"ix":2},"a":{"a":0,"k":[0,0],"ix":1},"s":{"a":0,"k":[100,100],"ix":3},"r":{"a":0,"k":0,"ix":6},"o":{"a":0,"k":100,"ix":7},"sk":{"a":0,"k":0,"ix":4},"sa":{"a":0,"k":0,"ix":5},"nm":"Transform"}],"nm":"Shape 1","np":3,"cix":2,"bm":0,"ix":1,"mn":"ADBE Vector Group","hd":false}],"ip":0,"op":96,"st":0,"bm":0}],"markers":[]}